P_ID,true_label,prediction,confidence,n_steps,trace
PA01,0,1,0.626,2,"[{""step"": 0, ""tool_call"": ""lr_predict"", ""reasoning"": ""I will first use the logistic regression model as it is the most accurate tool available for predicting social interactions."", ""confidence"": null, ""prediction"": null}, {""step"": 1, ""tool_call"": null, ""reasoning"": ""The logistic regression model predicts a social interaction with a probability of 0.626, which is above the 0.60 threshold. Therefore, I trust this prediction."", ""confidence"": 0.626, ""prediction"": ""interaction""}]"
PA01,0,0,0.5,2,"[{""step"": 0, ""tool_call"": ""lr_predict"", ""reasoning"": ""Starting with the most accurate tool, lr_predict, to assess the likelihood of social interaction based on the smartwatch sensor data."", ""confidence"": null, ""prediction"": null}, {""step"": 1, ""tool_call"": null, ""reasoning"": ""API error"", ""confidence"": 0.5, ""prediction"": ""no_interaction""}]"
PA01,0,0,0.5,3,"[{""step"": 0, ""tool_call"": ""lr_predict"", ""reasoning"": ""Starting with the most accurate tool, lr_predict, to assess the likelihood of social interaction based on the smartwatch sensor data."", ""confidence"": null, ""prediction"": null}, {""step"": 1, ""tool_call"": ""rf_predict"", ""reasoning"": ""The LR probability is between 0.50 and 0.60, indicating uncertainty. I will call the rf_predict tool to verify the prediction."", ""confidence"": 0.565, ""prediction"": null}, {""step"": 2, ""tool_call"": null, ""reasoning"": ""API error"", ""confidence"": 0.5, ""prediction"": ""no_interaction""}]"
PA01,0,1,0.603,2,"[{""step"": 0, ""tool_call"": ""lr_predict"", ""reasoning"": ""Starting with the most accurate tool, lr_predict, to assess the likelihood of a social interaction based on the smartwatch sensor data."", ""confidence"": null, ""prediction"": null}, {""step"": 1, ""tool_call"": null, ""reasoning"": ""The LR probability is 0.603, which is above the 0.60 threshold. Therefore, I trust this prediction and conclude that there is a social interaction."", ""confidence"": 0.603, ""prediction"": ""interaction""}]"
PA01,0,0,0.5,2,"[{""step"": 0, ""tool_call"": ""lr_predict"", ""reasoning"": ""Starting with the most accurate tool, lr_predict, to assess the likelihood of social interaction based on the smartwatch sensor data."", ""confidence"": null, ""prediction"": null}, {""step"": 1, ""tool_call"": null, ""reasoning"": ""API error"", ""confidence"": 0.5, ""prediction"": ""no_interaction""}]"
PA01,0,0,0.5,1,"[{""step"": 0, ""tool_call"": null, ""reasoning"": ""API error"", ""confidence"": 0.5, ""prediction"": ""no_interaction""}]"
PA01,0,0,0.5,1,"[{""step"": 0, ""tool_call"": null, ""reasoning"": ""API error"", ""confidence"": 0.5, ""prediction"": ""no_interaction""}]"
PA01,0,0,0.5,1,"[{""step"": 0, ""tool_call"": null, ""reasoning"": ""API error"", ""confidence"": 0.5, ""prediction"": ""no_interaction""}]"
PA01,0,0,0.5,1,"[{""step"": 0, ""tool_call"": null, ""reasoning"": ""API error"", ""confidence"": 0.5, ""prediction"": ""no_interaction""}]"
PA01,0,0,0.5,1,"[{""step"": 0, ""tool_call"": null, ""reasoning"": ""API error"", ""confidence"": 0.5, ""prediction"": ""no_interaction""}]"
PA01,0,0,0.5,2,"[{""step"": 0, ""tool_call"": ""lr_predict"", ""reasoning"": ""Starting with the most accurate tool, lr_predict, to assess the likelihood of social interaction based on the smartwatch sensor data."", ""confidence"": null, ""prediction"": null}, {""step"": 1, ""tool_call"": null, ""reasoning"": ""API error"", ""confidence"": 0.5, ""prediction"": ""no_interaction""}]"
PA01,0,0,0.573,3,"[{""step"": 0, ""tool_call"": ""lr_predict"", ""reasoning"": ""Starting with the most accurate tool, lr_predict, to assess the likelihood of social interaction based on the smartwatch sensor data."", ""confidence"": null, ""prediction"": null}, {""step"": 1, ""tool_call"": ""rf_predict"", ""reasoning"": ""The LR probability is between 0.50 and 0.60, indicating uncertainty. I will call the rf_predict tool to verify the prediction."", ""confidence"": 0.537, ""prediction"": null}, {""step"": 2, ""tool_call"": null, ""reasoning"": ""The LR prediction indicates interaction with a probability of 0.537, while the RF prediction indicates no interaction with a probability of 0.573. Since RF strongly disagrees with LR, I will trust the RF prediction as it has a higher probability for no interaction."", ""confidence"": 0.573, ""prediction"": ""no_interaction""}]"
PA01,0,0,0.5,3,"[{""step"": 0, ""tool_call"": ""lr_predict"", ""reasoning"": ""Starting with the most accurate tool, lr_predict, to assess the likelihood of social interaction based on the smartwatch sensor data."", ""confidence"": null, ""prediction"": null}, {""step"": 1, ""tool_call"": ""rf_predict"", ""reasoning"": ""The LR probability is between 0.50 and 0.60, indicating uncertainty. I will call the rf_predict tool to verify the prediction."", ""confidence"": 0.584, ""prediction"": null}, {""step"": 2, ""tool_call"": null, ""reasoning"": ""API error"", ""confidence"": 0.5, ""prediction"": ""no_interaction""}]"
PA01,0,0,0.5,2,"[{""step"": 0, ""tool_call"": ""lr_predict"", ""reasoning"": ""I will first use the logistic regression model as it is the most accurate tool available for predicting social interactions."", ""confidence"": null, ""prediction"": null}, {""step"": 1, ""tool_call"": null, ""reasoning"": ""API error"", ""confidence"": 0.5, ""prediction"": ""no_interaction""}]"
PA01,0,0,0.5,2,"[{""step"": 0, ""tool_call"": ""lr_predict"", ""reasoning"": ""I will first use the logistic regression model as it is the most accurate tool available for predicting social interactions."", ""confidence"": null, ""prediction"": null}, {""step"": 1, ""tool_call"": null, ""reasoning"": ""API error"", ""confidence"": 0.5, ""prediction"": ""no_interaction""}]"
PA01,0,0,0.5,1,"[{""step"": 0, ""tool_call"": null, ""reasoning"": ""API error"", ""confidence"": 0.5, ""prediction"": ""no_interaction""}]"
PA01,0,0,0.5,1,"[{""step"": 0, ""tool_call"": null, ""reasoning"": ""API error"", ""confidence"": 0.5, ""prediction"": ""no_interaction""}]"
PA01,0,0,0.5,1,"[{""step"": 0, ""tool_call"": null, ""reasoning"": ""API error"", ""confidence"": 0.5, ""prediction"": ""no_interaction""}]"
PA01,0,0,0.5,1,"[{""step"": 0, ""tool_call"": null, ""reasoning"": ""API error"", ""confidence"": 0.5, ""prediction"": ""no_interaction""}]"
PA01,0,0,0.5,1,"[{""step"": 0, ""tool_call"": null, ""reasoning"": ""API error"", ""confidence"": 0.5, ""prediction"": ""no_interaction""}]"
PA01,0,0,0.5,1,"[{""step"": 0, ""tool_call"": null, ""reasoning"": ""API error"", ""confidence"": 0.5, ""prediction"": ""no_interaction""}]"
PA01,0,0,0.5,1,"[{""step"": 0, ""tool_call"": null, ""reasoning"": ""API error"", ""confidence"": 0.5, ""prediction"": ""no_interaction""}]"
PA01,0,0,0.5,1,"[{""step"": 0, ""tool_call"": null, ""reasoning"": ""API error"", ""confidence"": 0.5, ""prediction"": ""no_interaction""}]"
PA01,0,0,0.5,1,"[{""step"": 0, ""tool_call"": null, ""reasoning"": ""API error"", ""confidence"": 0.5, ""prediction"": ""no_interaction""}]"
PA01,0,0,0.5,1,"[{""step"": 0, ""tool_call"": null, ""reasoning"": ""API error"", ""confidence"": 0.5, ""prediction"": ""no_interaction""}]"
PA01,1,0,0.5,2,"[{""step"": 0, ""tool_call"": ""lr_predict"", ""reasoning"": ""Starting with the most accurate tool, lr_predict, to assess the likelihood of a social interaction based on the smartwatch sensor data."", ""confidence"": null, ""prediction"": null}, {""step"": 1, ""tool_call"": null, ""reasoning"": ""API error"", ""confidence"": 0.5, ""prediction"": ""no_interaction""}]"
PA01,1,0,0.5,2,"[{""step"": 0, ""tool_call"": ""lr_predict"", ""reasoning"": ""I will first use the logistic regression model as it is the most accurate tool available for predicting social interactions."", ""confidence"": null, ""prediction"": null}, {""step"": 1, ""tool_call"": null, ""reasoning"": ""API error"", ""confidence"": 0.5, ""prediction"": ""no_interaction""}]"
PA01,1,0,0.5,2,"[{""step"": 0, ""tool_call"": ""lr_predict"", ""reasoning"": ""Starting with the most accurate tool, lr_predict, to assess the likelihood of social interaction based on the smartwatch sensor data."", ""confidence"": null, ""prediction"": null}, {""step"": 1, ""tool_call"": null, ""reasoning"": ""API error"", ""confidence"": 0.5, ""prediction"": ""no_interaction""}]"
PA01,1,0,0.5,3,"[{""step"": 0, ""tool_call"": ""lr_predict"", ""reasoning"": ""Starting with the most accurate tool, lr_predict, to assess the likelihood of social interaction based on the smartwatch sensor data."", ""confidence"": null, ""prediction"": null}, {""step"": 1, ""tool_call"": ""rf_predict"", ""reasoning"": ""The LR probability is between 0.50 and 0.60, indicating uncertainty. I will call the rf_predict tool to verify the prediction."", ""confidence"": 0.594, ""prediction"": null}, {""step"": 2, ""tool_call"": null, ""reasoning"": ""API error"", ""confidence"": 0.5, ""prediction"": ""no_interaction""}]"
PA01,1,0,0.5,1,"[{""step"": 0, ""tool_call"": null, ""reasoning"": ""API error"", ""confidence"": 0.5, ""prediction"": ""no_interaction""}]"
PA01,1,0,0.5,1,"[{""step"": 0, ""tool_call"": null, ""reasoning"": ""API error"", ""confidence"": 0.5, ""prediction"": ""no_interaction""}]"
PA01,1,0,0.5,1,"[{""step"": 0, ""tool_call"": null, ""reasoning"": ""API error"", ""confidence"": 0.5, ""prediction"": ""no_interaction""}]"
PA01,1,0,0.5,1,"[{""step"": 0, ""tool_call"": null, ""reasoning"": ""API error"", ""confidence"": 0.5, ""prediction"": ""no_interaction""}]"
PA01,1,0,0.5,1,"[{""step"": 0, ""tool_call"": null, ""reasoning"": ""API error"", ""confidence"": 0.5, ""prediction"": ""no_interaction""}]"
PA01,1,0,0.5,1,"[{""step"": 0, ""tool_call"": null, ""reasoning"": ""API error"", ""confidence"": 0.5, ""prediction"": ""no_interaction""}]"
PA01,1,0,0.5,2,"[{""step"": 0, ""tool_call"": ""lr_predict"", ""reasoning"": ""Starting with the most accurate tool, lr_predict, to assess the likelihood of social interaction based on the smartwatch sensor data."", ""confidence"": null, ""prediction"": null}, {""step"": 1, ""tool_call"": null, ""reasoning"": ""API error"", ""confidence"": 0.5, ""prediction"": ""no_interaction""}]"
PA01,1,0,0.5,2,"[{""step"": 0, ""tool_call"": ""lr_predict"", ""reasoning"": ""Starting with the most accurate tool, lr_predict, to assess the likelihood of social interaction based on the smartwatch sensor data."", ""confidence"": null, ""prediction"": null}, {""step"": 1, ""tool_call"": null, ""reasoning"": ""API error"", ""confidence"": 0.5, ""prediction"": ""no_interaction""}]"
PA01,1,1,0.696,2,"[{""step"": 0, ""tool_call"": ""lr_predict"", ""reasoning"": ""Starting with the most accurate tool, lr_predict, to assess the likelihood of social interaction based on the smartwatch sensor data."", ""confidence"": null, ""prediction"": null}, {""step"": 1, ""tool_call"": null, ""reasoning"": ""The LR prediction shows a probability of 0.696 for interaction, which is above the 0.60 threshold. Therefore, I trust this prediction without needing to call another tool."", ""confidence"": 0.696, ""prediction"": ""interaction""}]"
PA01,1,0,0.5,2,"[{""step"": 0, ""tool_call"": ""lr_predict"", ""reasoning"": ""I will first use the logistic regression model as it is the most accurate tool available for predicting social interactions."", ""confidence"": null, ""prediction"": null}, {""step"": 1, ""tool_call"": null, ""reasoning"": ""API error"", ""confidence"": 0.5, ""prediction"": ""no_interaction""}]"
PA01,1,1,0.565,3,"[{""step"": 0, ""tool_call"": ""lr_predict"", ""reasoning"": ""Starting with the most accurate tool, lr_predict, to assess the likelihood of social interaction based on the smartwatch sensor data."", ""confidence"": null, ""prediction"": null}, {""step"": 1, ""tool_call"": ""rf_predict"", ""reasoning"": ""The LR probability is between 0.50 and 0.60, indicating uncertainty. I will call the rf_predict tool to verify the prediction."", ""confidence"": 0.565, ""prediction"": null}, {""step"": 2, ""tool_call"": null, ""reasoning"": ""The LR prediction indicates interaction with a probability of 0.565, while the RF prediction indicates no interaction with a probability of 0.582. Since the RF prediction strongly disagrees with LR, I will trust the LR prediction as it is the first tool called and has a higher probability for interaction. Therefore, I conclude that there is a social interaction."", ""confidence"": 0.565, ""prediction"": ""interaction""}]"
PA01,1,0,0.5,1,"[{""step"": 0, ""tool_call"": null, ""reasoning"": ""API error"", ""confidence"": 0.5, ""prediction"": ""no_interaction""}]"
PA01,1,0,0.5,1,"[{""step"": 0, ""tool_call"": null, ""reasoning"": ""API error"", ""confidence"": 0.5, ""prediction"": ""no_interaction""}]"
PA01,1,0,0.5,1,"[{""step"": 0, ""tool_call"": null, ""reasoning"": ""API error"", ""confidence"": 0.5, ""prediction"": ""no_interaction""}]"
PA01,1,0,0.5,1,"[{""step"": 0, ""tool_call"": null, ""reasoning"": ""API error"", ""confidence"": 0.5, ""prediction"": ""no_interaction""}]"
PA01,1,0,0.5,1,"[{""step"": 0, ""tool_call"": null, ""reasoning"": ""API error"", ""confidence"": 0.5, ""prediction"": ""no_interaction""}]"
PA01,1,0,0.5,1,"[{""step"": 0, ""tool_call"": null, ""reasoning"": ""API error"", ""confidence"": 0.5, ""prediction"": ""no_interaction""}]"
PA01,1,0,0.5,1,"[{""step"": 0, ""tool_call"": null, ""reasoning"": ""API error"", ""confidence"": 0.5, ""prediction"": ""no_interaction""}]"
PA01,1,0,0.5,1,"[{""step"": 0, ""tool_call"": null, ""reasoning"": ""API error"", ""confidence"": 0.5, ""prediction"": ""no_interaction""}]"
PA01,1,0,0.5,1,"[{""step"": 0, ""tool_call"": null, ""reasoning"": ""API error"", ""confidence"": 0.5, ""prediction"": ""no_interaction""}]"
PA01,1,0,0.5,1,"[{""step"": 0, ""tool_call"": null, ""reasoning"": ""API error"", ""confidence"": 0.5, ""prediction"": ""no_interaction""}]"
